{"stats":{"minecraft:crafted":{"minecraft:cooked_porkchop":4,"minecraft:crafting_table":1,"minecraft:stick":16,"minecraft:cooked_chicken":3,"minecraft:wooden_pickaxe":1,"minecraft:stone_pickaxe":1,"minecraft:stone_sword":1,"minecraft:furnace":1,"minecraft:birch_planks":20,"minecraft:stone_axe":1,"minecraft:air":0},"minecraft:custom":{"minecraft:time_since_rest":6116,"minecraft:interact_with_furnace":6,"minecraft:sprint_one_cm":99191,"minecraft:damage_taken":1193,"minecraft:walk_one_cm":114640,"minecraft:trigger_trapped_chest":1,"minecraft:mob_kills":11,"minecraft:drop":16,"minecraft:damage_dealt":1137,"minecraft:damage_dealt_absorbed":80,"minecraft:interact_with_crafting_table":7,"minecraft:fly_one_cm":66086,"minecraft:crouch_one_cm":39,"minecraft:play_time":22686,"minecraft:deaths":3,"minecraft:sneak_time":20,"minecraft:jump":313,"minecraft:leave_game":2,"minecraft:time_since_death":6089,"minecraft:walk_on_water_one_cm":3682,"minecraft:total_world_time":22686,"minecraft:fall_one_cm":9437},"minecraft:mined":{"minecraft:furnace":1,"minecraft:birch_log":5,"minecraft:birch_leaves":1,"minecraft:crafting_table":2,"gravestone:gravestone":1,"minecraft:grass":2,"minecraft:grass_block":1,"minecraft:coal_ore":25,"minecraft:vine":1,"minecraft:dirt":2,"minecraft:tall_grass":1,"minecraft:stone":34,"minecraft:oak_leaves":2},"minecraft:killed_by":{"iceandfire:ghost":1,"vampirism:hunter":1,"vampirism:vampire":1},"minecraft:killed":{"vampirism:blinding_bat":3,"vampirism:vampire":1,"minecraft:pig":3,"minecraft:zombie":1,"minecraft:chicken":3},"minecraft:dropped":{"minecraft:dirt":2,"ars_nouveau:worn_notebook":1,"minecraft:stone_sword":1,"minecraft:mutton":2,"minecraft:cooked_porkchop":1,"minecraft:feather":3,"gravestone:obituary":3,"minecraft:wooden_pickaxe":1,"minecraft:white_wool":1,"patchouli:guide_book":1},"minecraft:used":{"minecraft:stone_sword":28,"minecraft:stone_pickaxe":59,"minecraft:wooden_pickaxe":3,"minecraft:rotten_flesh":1,"minecraft:stone_axe":2,"minecraft:dirt":1,"minecraft:crafting_table":1,"minecraft:oak_sapling":1,"minecraft:furnace":1,"minecraft:porkchop":2,"minecraft:egg":1},"minecraft:picked_up":{"minecraft:birch_log":5,"minecraft:feather":3,"minecraft:crafting_table":2,"minecraft:chicken":3,"minecraft:porkchop":6,"minecraft:dirt":3,"minecraft:stone_sword":1,"minecraft:rotten_flesh":1,"minecraft:oak_sapling":1,"minecraft:mutton":3,"minecraft:coal":48,"minecraft:furnace":1,"minecraft:white_wool":2,"minecraft:cobblestone":33,"minecraft:egg":2}},"DataVersion":3465}