{"stats":{"minecraft:dropped":{"farmersdelight:tomato_seeds":1,"farmersdelight:iron_knife":1,"ars_nouveau:worn_notebook":3,"mca:book_romance":1,"patchouli:guide_book":1,"artifacts:antidote_vessel":1},"minecraft:mined":{"farmersdelight:wild_tomatoes":1},"minecraft:killed":{"born_in_chaos_v1:baby_skeleton":1},"minecraft:used":{"minecraft:item_frame":1,"minecraft:bread":2,"spartanweaponry:iron_katana":2,"minecraft:experience_bottle":3},"minecraft:custom":{"minecraft:open_chest":18,"minecraft:time_since_rest":17158,"minecraft:crouch_one_cm":9,"minecraft:play_time":17158,"minecraft:sprint_one_cm":69264,"minecraft:damage_taken":156,"minecraft:walk_one_cm":95862,"minecraft:sneak_time":14,"minecraft:mob_kills":1,"minecraft:drop":8,"vampirism:interact_with_totem":1,"minecraft:jump":247,"minecraft:eat_cake_slice":6,"minecraft:damage_dealt":103,"minecraft:walk_on_water_one_cm":265,"minecraft:time_since_death":17158,"minecraft:total_world_time":17158,"minecraft:damage_resisted":0,"minecraft:fall_one_cm":7306,"minecraft:fly_one_cm":58603},"minecraft:picked_up":{"minecraft:stone_sword":1,"minecraft:item_frame":1,"minecraft:experience_bottle":3,"minecraft:salmon":1,"minecraft:apple":2,"minecraft:golden_leggings":1,"ars_nouveau:worn_notebook":2,"minecraft:iron_ingot":6,"minecraft:porkchop":2,"farmersdelight:tomato_seeds":1,"minecraft:gold_ingot":3,"minecraft:emerald":2,"artifacts:antidote_vessel":1}},"DataVersion":3465}