{"stats":{"minecraft:crafted":{"minecraft:crafting_table":1,"minecraft:stick":16,"minecraft:wooden_pickaxe":1,"minecraft:stone_pickaxe":1,"minecraft:stone_sword":1,"minecraft:birch_planks":20,"minecraft:stone_axe":1},"minecraft:custom":{"minecraft:time_since_rest":6613,"minecraft:sprint_one_cm":44928,"minecraft:damage_taken":728,"minecraft:walk_one_cm":51306,"minecraft:trigger_trapped_chest":1,"minecraft:drop":8,"minecraft:damage_dealt":16,"minecraft:interact_with_crafting_table":3,"minecraft:fly_one_cm":28204,"minecraft:play_time":10686,"minecraft:deaths":2,"minecraft:sneak_time":2,"minecraft:jump":126,"minecraft:leave_game":2,"minecraft:time_since_death":6236,"minecraft:walk_on_water_one_cm":3682,"minecraft:total_world_time":10686,"minecraft:fall_one_cm":4936},"minecraft:mined":{"minecraft:birch_log":5,"minecraft:birch_leaves":1,"minecraft:crafting_table":1,"minecraft:grass":1,"minecraft:coal_ore":24,"minecraft:vine":1,"minecraft:dirt":1,"minecraft:tall_grass":1,"minecraft:stone":28},"minecraft:killed_by":{"iceandfire:ghost":1,"vampirism:vampire":1},"minecraft:dropped":{"ars_nouveau:worn_notebook":1,"minecraft:mutton":2,"gravestone:obituary":2,"minecraft:wooden_pickaxe":1,"minecraft:white_wool":1,"patchouli:guide_book":1},"minecraft:used":{"minecraft:stone_pickaxe":49,"minecraft:wooden_pickaxe":3,"minecraft:stone_axe":1,"minecraft:dirt":1,"minecraft:crafting_table":1},"minecraft:picked_up":{"minecraft:birch_log":5,"minecraft:crafting_table":1,"minecraft:dirt":1,"minecraft:mutton":2,"minecraft:coal":22,"minecraft:white_wool":1,"minecraft:cobblestone":27}},"DataVersion":3465}