{"stats":{"minecraft:killed_by":{"iceandfire:gorgon":1},"minecraft:picked_up":{"minecraft:wooden_axe":1,"minecraft:cooked_beef":5,"minecraft:stick":12,"minecraft:crafting_table":2,"patchouli:guide_book":2,"minecraft:leather":4,"minecraft:potato":4,"minecraft:porkchop":6,"minecraft:oak_log":10,"minecraft:apple":2,"minecraft:wheat_seeds":2,"ars_nouveau:worn_notebook":2,"minecraft:beef":7,"minecraft:chainmail_helmet":1,"minecraft:bread":5,"minecraft:iron_pickaxe":1,"scalinghealth:cursed_heart":1,"minecraft:oak_sapling":7,"minecraft:oak_planks":31},"minecraft:killed":{"minecraft:pig":2,"minecraft:cow":4},"minecraft:used":{"minecraft:wooden_axe":17,"minecraft:apple":2,"minecraft:bread":1,"minecraft:chainmail_helmet":1,"minecraft:crafting_table":1,"minecraft:oak_sapling":2,"scalinghealth:cursed_heart":1,"minecraft:cooked_beef":1,"spartanweaponry:iron_scythe":6},"minecraft:dropped":{"minecraft:bread":5,"minecraft:potato":4,"minecraft:iron_sword":1,"ars_nouveau:worn_notebook":2,"minecraft:porkchop":3,"minecraft:wheat_seeds":2,"minecraft:cooked_beef":2,"minecraft:wooden_axe":1,"minecraft:crafting_table":1,"gravestone:obituary":1,"minecraft:oak_planks":31,"minecraft:leather":2,"minecraft:beef":4,"minecraft:iron_pickaxe":1,"minecraft:chainmail_helmet":1,"patchouli:guide_book":2,"minecraft:stick":7},"minecraft:mined":{"minecraft:large_fern":3,"minecraft:crafting_table":2,"minecraft:grass":9,"minecraft:oak_log":12,"minecraft:tall_grass":1},"minecraft:custom":{"minecraft:time_since_rest":1211,"minecraft:damage_taken":2147483647,"minecraft:sprint_one_cm":107534,"minecraft:walk_one_cm":84183,"minecraft:mob_kills":6,"minecraft:drop":22,"minecraft:damage_dealt":932,"minecraft:swim_one_cm":5746,"minecraft:interact_with_crafting_table":2,"minecraft:fly_one_cm":143456,"minecraft:open_chest":5,"minecraft:crouch_one_cm":32,"minecraft:play_time":16481,"minecraft:deaths":1,"minecraft:interact_with_campfire":3,"minecraft:sneak_time":10,"minecraft:walk_under_water_one_cm":40,"minecraft:jump":331,"minecraft:leave_game":1,"minecraft:time_since_death":1171,"minecraft:walk_on_water_one_cm":969,"minecraft:sleep_in_bed":1,"minecraft:total_world_time":16481,"minecraft:climb_one_cm":578,"minecraft:fall_one_cm":7965},"minecraft:crafted":{"minecraft:oak_planks":40,"minecraft:crafting_table":1,"minecraft:stick":4,"minecraft:wooden_axe":1}},"DataVersion":3465}