{"stats":{"minecraft:picked_up":{"minecraft:crafting_table":1,"minecraft:allium":10,"minecraft:cooked_beef":4,"minecraft:potato":1,"paraglider:spirit_orb":16,"minecraft:oak_log":21,"minecraft:brewing_stand":1,"epicfight:stray_pants":1,"scalinghealth:heart_crystal":1,"minecraft:dirt":1,"minecraft:string":6,"minecraft:red_bed":1,"epicfight:stray_hat":1,"minecraft:bone":7,"minecraft:spruce_planks":1,"minecraft:beef":4,"minecraft:iron_sword":1,"minecraft:tipped_arrow":1,"minecraft:stick":1,"irons_spellbooks:frozen_bone":3,"minecraft:torch":8,"paraglider:kakariko_goddess_statue":1,"minecraft:spider_eye":1,"minecraft:arrow":5,"minecraft:rotten_flesh":2,"farmersdelight:onion":4,"minecraft:mutton":6,"minecraft:iron_bars":9,"minecraft:white_wool":3,"minecraft:cobblestone":25},"minecraft:killed":{"minecraft:cave_spider":2,"minecraft:spider":6,"minecraft:bat":1,"minecraft:sheep":3,"minecraft:skeleton":2,"minecraft:zombie":1,"minecraft:stray":2,"grimoireofgaia:arachne":1},"minecraft:used":{"minecraft:iron_bars":5,"minecraft:stone_pickaxe":35,"minecraft:spruce_planks":1,"minecraft:wooden_pickaxe":14,"minecraft:shield":36,"minecraft:iron_sword":86,"minecraft:torch":28,"farmersdelight:onion":6,"minecraft:dirt":1,"scalinghealth:heart_crystal":1,"minecraft:crafting_table":2,"minecraft:red_bed":1,"minecraft:carrot":3,"minecraft:allium":10,"minecraft:stone_axe":20,"minecraft:cobblestone":17,"quark:oak_chest":4,"minecraft:cooked_beef":8},"minecraft:dropped":{"minecraft:rotten_flesh":1},"minecraft:mined":{"minecraft:spruce_planks":1,"minecraft:red_bed":1,"minecraft:brewing_stand":1,"minecraft:crafting_table":1,"minecraft:grass_block":1,"minecraft:cobblestone":14,"minecraft:wall_torch":1,"minecraft:spawner":8,"farmersdelight:wild_onions":4,"paraglider:kakariko_goddess_statue":1,"minecraft:grass":13,"minecraft:potatoes":1,"minecraft:oak_log":19,"minecraft:iron_bars":9,"minecraft:cobweb":1,"minecraft:stone":15,"minecraft:fern":1},"minecraft:custom":{"minecraft:interact_with_furnace":3,"spartanshields:shield_bash_hits":1,"minecraft:mob_kills":18,"minecraft:interact_with_crafting_table":7,"minecraft:interact_with_campfire":4,"minecraft:damage_dealt_resisted":189,"minecraft:eat_cake_slice":4,"minecraft:time_since_death":41195,"minecraft:sleep_in_bed":1,"minecraft:climb_one_cm":236,"minecraft:time_since_rest":28773,"minecraft:sprint_one_cm":162774,"minecraft:damage_taken":1455,"minecraft:walk_one_cm":291575,"minecraft:damage_blocked_by_shield":2962,"minecraft:drop":1,"minecraft:damage_dealt":2927,"minecraft:swim_one_cm":5492,"minecraft:fly_one_cm":96873,"minecraft:open_chest":41,"minecraft:crouch_one_cm":99,"minecraft:play_time":41195,"minecraft:sneak_time":70,"minecraft:walk_under_water_one_cm":2395,"minecraft:jump":238,"minecraft:walk_on_water_one_cm":21030,"minecraft:total_world_time":41195,"minecraft:fall_one_cm":4642},"minecraft:broken":{"minecraft:shield":1},"minecraft:crafted":{"minecraft:oak_planks":68,"minecraft:crafting_table":1,"minecraft:wooden_pickaxe":1,"minecraft:stone_axe":1,"minecraft:cooked_mutton":6,"minecraft:air":0,"minecraft:shield":1,"minecraft:stick":20,"quark:oak_chest":4,"minecraft:stone_pickaxe":1,"minecraft:stone_sword":1,"minecraft:torch":12}},"DataVersion":3465}