{"stats":{"minecraft:picked_up":{"minecraft:stick":1,"minecraft:crafting_table":1,"minecraft:allium":10,"minecraft:cooked_beef":4,"paraglider:kakariko_goddess_statue":1,"minecraft:oak_log":21,"minecraft:red_bed":1,"minecraft:dirt":1,"farmersdelight:onion":4,"minecraft:beef":4,"minecraft:mutton":6,"minecraft:iron_sword":1,"minecraft:white_wool":3,"minecraft:cobblestone":13},"minecraft:used":{"minecraft:stone_pickaxe":1,"minecraft:wooden_pickaxe":14,"minecraft:iron_sword":7,"minecraft:stone_axe":19,"farmersdelight:onion":6,"minecraft:dirt":1,"minecraft:crafting_table":1,"minecraft:allium":10,"minecraft:cooked_beef":1},"minecraft:killed":{"minecraft:sheep":3},"minecraft:mined":{"farmersdelight:wild_onions":4,"minecraft:red_bed":1,"paraglider:kakariko_goddess_statue":1,"minecraft:crafting_table":1,"minecraft:grass":13,"minecraft:grass_block":1,"minecraft:oak_log":19,"minecraft:stone":13,"minecraft:fern":1},"minecraft:custom":{"minecraft:time_since_rest":4773,"minecraft:interact_with_furnace":3,"minecraft:sprint_one_cm":88652,"minecraft:damage_taken":20,"minecraft:walk_one_cm":99913,"minecraft:mob_kills":3,"minecraft:damage_dealt":306,"minecraft:swim_one_cm":5492,"minecraft:interact_with_crafting_table":5,"minecraft:fly_one_cm":85509,"minecraft:open_chest":3,"minecraft:crouch_one_cm":99,"minecraft:play_time":17195,"minecraft:interact_with_campfire":4,"minecraft:sneak_time":39,"minecraft:walk_under_water_one_cm":262,"minecraft:jump":185,"minecraft:time_since_death":17195,"minecraft:walk_on_water_one_cm":287,"minecraft:sleep_in_bed":1,"minecraft:climb_one_cm":236,"minecraft:total_world_time":17195,"minecraft:fall_one_cm":4015},"minecraft:crafted":{"minecraft:oak_planks":20,"minecraft:crafting_table":1,"minecraft:stick":8,"minecraft:wooden_pickaxe":1,"minecraft:stone_pickaxe":1,"minecraft:stone_sword":1,"minecraft:stone_axe":1,"minecraft:air":0,"minecraft:cooked_mutton":6}},"DataVersion":3465}