{"stats":{"minecraft:picked_up":{"minecraft:crafting_table":1,"minecraft:allium":10,"minecraft:cooked_beef":4,"minecraft:potato":1,"paraglider:spirit_orb":8,"minecraft:oak_log":21,"minecraft:brewing_stand":1,"scalinghealth:heart_crystal":1,"minecraft:dirt":1,"minecraft:string":1,"minecraft:red_bed":1,"minecraft:bone":3,"minecraft:spruce_planks":1,"minecraft:beef":4,"minecraft:iron_sword":1,"minecraft:stick":1,"minecraft:torch":3,"paraglider:kakariko_goddess_statue":1,"minecraft:arrow":2,"farmersdelight:onion":4,"minecraft:mutton":6,"minecraft:iron_bars":7,"minecraft:white_wool":3,"minecraft:cobblestone":13},"minecraft:killed":{"minecraft:spider":1,"minecraft:sheep":3,"minecraft:skeleton":2},"minecraft:used":{"minecraft:iron_bars":5,"minecraft:stone_pickaxe":17,"minecraft:spruce_planks":1,"minecraft:wooden_pickaxe":14,"minecraft:shield":12,"minecraft:iron_sword":22,"minecraft:torch":15,"farmersdelight:onion":6,"minecraft:dirt":1,"minecraft:crafting_table":2,"minecraft:red_bed":1,"minecraft:carrot":2,"minecraft:allium":10,"minecraft:stone_axe":20,"quark:oak_chest":4,"minecraft:cooked_beef":2},"minecraft:mined":{"minecraft:spruce_planks":1,"minecraft:red_bed":1,"minecraft:brewing_stand":1,"minecraft:crafting_table":1,"minecraft:grass_block":1,"minecraft:cobblestone":2,"minecraft:wall_torch":1,"minecraft:spawner":4,"farmersdelight:wild_onions":4,"paraglider:kakariko_goddess_statue":1,"minecraft:grass":13,"minecraft:potatoes":1,"minecraft:oak_log":19,"minecraft:iron_bars":7,"minecraft:stone":15,"minecraft:fern":1},"minecraft:custom":{"minecraft:interact_with_furnace":3,"spartanshields:shield_bash_hits":1,"minecraft:mob_kills":6,"minecraft:interact_with_crafting_table":7,"minecraft:interact_with_campfire":4,"minecraft:damage_dealt_resisted":0,"minecraft:eat_cake_slice":3,"minecraft:time_since_death":29195,"minecraft:sleep_in_bed":1,"minecraft:climb_one_cm":236,"minecraft:time_since_rest":16773,"minecraft:sprint_one_cm":114402,"minecraft:damage_taken":407,"minecraft:walk_one_cm":208804,"minecraft:damage_blocked_by_shield":1008,"minecraft:damage_dealt":861,"minecraft:swim_one_cm":5492,"minecraft:fly_one_cm":95646,"minecraft:open_chest":17,"minecraft:crouch_one_cm":99,"minecraft:play_time":29195,"minecraft:sneak_time":58,"minecraft:walk_under_water_one_cm":325,"minecraft:jump":216,"minecraft:walk_on_water_one_cm":3204,"minecraft:total_world_time":29195,"minecraft:fall_one_cm":4642},"minecraft:crafted":{"minecraft:oak_planks":68,"minecraft:crafting_table":1,"minecraft:wooden_pickaxe":1,"minecraft:stone_axe":1,"minecraft:cooked_mutton":6,"minecraft:air":0,"minecraft:shield":1,"minecraft:stick":20,"quark:oak_chest":4,"minecraft:stone_pickaxe":1,"minecraft:stone_sword":1,"minecraft:torch":12}},"DataVersion":3465}