{"stats":{"minecraft:picked_up":{"minecraft:crafting_table":1,"minecraft:allium":10,"minecraft:cooked_beef":4,"minecraft:potato":1,"paraglider:spirit_orb":18,"minecraft:chainmail_chestplate":1,"minecraft:oak_log":21,"minecraft:brewing_stand":1,"epicfight:stray_pants":1,"scalinghealth:heart_crystal":1,"minecraft:dirt":1,"minecraft:string":21,"minecraft:red_bed":1,"born_in_chaos_v1:mesh_door":1,"epicfight:stray_hat":1,"minecraft:bone":9,"minecraft:cracked_stone_bricks":1,"minecraft:gold_nugget":1,"minecraft:spruce_planks":1,"minecraft:beef":4,"minecraft:iron_sword":1,"minecraft:tipped_arrow":1,"minecraft:stick":1,"irons_spellbooks:frozen_bone":3,"minecraft:torch":10,"paraglider:kakariko_goddess_statue":1,"epicfight:skillbook":1,"minecraft:spider_eye":3,"minecraft:arrow":6,"minecraft:rotten_flesh":5,"farmersdelight:onion":4,"minecraft:mutton":6,"minecraft:iron_bars":11,"minecraft:white_wool":3,"minecraft:cobblestone":39},"minecraft:killed":{"minecraft:cave_spider":2,"minecraft:spider":18,"minecraft:bat":1,"minecraft:sheep":3,"minecraft:skeleton":4,"minecraft:zombie":1,"minecraft:stray":2,"grimoireofgaia:arachne":1,"born_in_chaos_v1:door_knight":1},"minecraft:used":{"minecraft:iron_bars":5,"minecraft:stone_pickaxe":49,"minecraft:spruce_planks":1,"minecraft:wooden_pickaxe":14,"minecraft:shield":52,"minecraft:iron_sword":178,"minecraft:torch":43,"farmersdelight:onion":6,"minecraft:dirt":1,"scalinghealth:heart_crystal":1,"minecraft:crafting_table":2,"minecraft:red_bed":1,"minecraft:carrot":3,"minecraft:allium":10,"minecraft:iron_pickaxe":7,"minecraft:stone_axe":20,"born_in_chaos_v1:mesh_door":1,"minecraft:cobblestone":28,"quark:oak_chest":4,"minecraft:cooked_beef":10},"minecraft:dropped":{"minecraft:rotten_flesh":1},"minecraft:mined":{"minecraft:spruce_planks":1,"minecraft:red_bed":1,"minecraft:brewing_stand":1,"minecraft:torch":1,"minecraft:crafting_table":1,"minecraft:grass_block":1,"minecraft:cobblestone":28,"minecraft:wall_torch":1,"minecraft:spawner":9,"farmersdelight:wild_onions":4,"paraglider:kakariko_goddess_statue":1,"minecraft:grass":13,"minecraft:potatoes":1,"minecraft:oak_log":19,"minecraft:iron_bars":11,"minecraft:cobweb":2,"minecraft:cracked_stone_bricks":1,"minecraft:stone":15,"minecraft:fern":1},"minecraft:custom":{"minecraft:interact_with_furnace":3,"spartanshields:shield_bash_hits":2,"minecraft:mob_kills":33,"minecraft:interact_with_crafting_table":8,"minecraft:interact_with_campfire":4,"minecraft:damage_dealt_resisted":1297,"minecraft:eat_cake_slice":10,"minecraft:time_since_death":53195,"minecraft:sleep_in_bed":1,"minecraft:climb_one_cm":236,"minecraft:time_since_rest":40773,"minecraft:sprint_one_cm":203054,"minecraft:damage_taken":2060,"minecraft:walk_one_cm":387828,"minecraft:damage_blocked_by_shield":5917,"minecraft:drop":1,"minecraft:damage_dealt":5701,"minecraft:swim_one_cm":5492,"minecraft:fly_one_cm":102742,"minecraft:open_chest":67,"minecraft:crouch_one_cm":105,"minecraft:play_time":53195,"minecraft:sneak_time":79,"minecraft:walk_under_water_one_cm":2395,"minecraft:jump":284,"minecraft:walk_on_water_one_cm":42200,"minecraft:total_world_time":53195,"minecraft:fall_one_cm":4642},"minecraft:broken":{"minecraft:leather_helmet":1,"minecraft:shield":1,"minecraft:leather_boots":1},"minecraft:crafted":{"minecraft:oak_planks":68,"minecraft:crafting_table":1,"minecraft:wooden_pickaxe":1,"minecraft:stone_axe":1,"minecraft:cooked_mutton":6,"minecraft:air":0,"minecraft:shield":1,"minecraft:stick":20,"quark:oak_chest":4,"minecraft:stone_pickaxe":1,"minecraft:stone_sword":1,"minecraft:white_bed":1,"minecraft:torch":12}},"DataVersion":3465}