{"stats":{"minecraft:custom":{"minecraft:time_since_rest":8691,"minecraft:sprint_one_cm":16968,"minecraft:play_time":8691,"minecraft:damage_taken":235,"minecraft:walk_one_cm":64763,"minecraft:jump":103,"minecraft:damage_dealt":223,"minecraft:leave_game":1,"minecraft:time_since_death":8691,"minecraft:total_world_time":8691,"minecraft:interact_with_crafting_table":4,"minecraft:fall_one_cm":1163,"minecraft:fly_one_cm":4450},"minecraft:crafted":{"minecraft:stone_sword":1,"minecraft:furnace":1,"minecraft:oak_planks":20,"minecraft:stone_axe":1,"minecraft:crafting_table":1,"minecraft:stick":8,"minecraft:wooden_pickaxe":1,"minecraft:stone_pickaxe":1},"minecraft:mined":{"minecraft:oak_log":5,"minecraft:furnace":1,"minecraft:stone":36,"minecraft:oak_leaves":1,"minecraft:crafting_table":1},"minecraft:used":{"minecraft:stone_axe":1,"minecraft:stone_sword":8,"minecraft:crafting_table":1,"minecraft:furnace":1,"minecraft:cooked_porkchop":1,"minecraft:stone_pickaxe":1,"minecraft:wooden_pickaxe":36},"minecraft:picked_up":{"minecraft:crafting_table":1,"minecraft:cooked_porkchop":1,"minecraft:oak_log":5,"minecraft:cobblestone":36,"minecraft:furnace":1}},"DataVersion":3465}